Designator,Mid X,Mid Y,Rotation,Layer
A1,77.37,-61.17,180.0,top
C1,92.4175,-72.88,0.0,top
H1,64.5,-38.0,0.0,top
H2,189.0,-38.0,0.0,top
H3,189.0,-80.5,0.0,top
H4,64.5,-80.5,0.0,top
J1,185.73,-53.92,180.0,top
J2,171.73,-50.11,180.0,top
J3,142.73,-53.92,180.0,top
J4,128.73,-50.11,180.0,top
J5,133.29,-71.5,270.0,top
J6,133.29,-67.5,270.0,top
LOGO1,93.25,-40.75,0.0,top
R1,158.5,-77.0,180.0,top
R10,109.75,-37.0,0.0,top
R11,109.75,-42.0,0.0,top
R12,109.75,-47.0,0.0,top
R13,109.75,-52.0,0.0,top
R14,109.75,-57.0,0.0,top
R15,109.75,-62.0,0.0,top
R16,109.75,-67.0,0.0,top
R17,109.75,-72.0,0.0,top
R2,158.5,-72.0,180.0,top
R3,158.5,-67.0,180.0,top
R4,158.5,-62.0,180.0,top
R5,158.5,-57.0,180.0,top
R6,158.5,-52.0,180.0,top
R7,158.5,-47.0,180.0,top
R8,158.5,-42.0,180.0,top
R9,158.5,-37.0,180.0,top
U1,95.19,-60.11,180.0,top
U2,133.25,-79.0,0.0,top
